{"mean":{"confidence_interval":{"confidence_level":0.95,"lower_bound":-0.058008390311786236,"upper_bound":-0.0009867231423954723},"point_estimate":-0.03025631290381514,"standard_error":0.014555399589496695},"median":{"confidence_interval":{"confidence_level":0.95,"lower_bound":-0.05190497724061005,"upper_bound":0.0031053006258539018},"point_estimate":-0.029467403290171945,"standard_error":0.013181845846330788}}